,0,1
0,0,1
1,0,2
2,0,3
3,0,4
4,0,5
5,0,6
6,0,7
7,0,8
8,0,9
9,0,10
10,0,11
11,0,12
12,0,13
13,0,14
14,0,15
15,16,17
16,16,2
17,16,3
18,16,18
19,16,5
20,16,19
21,16,6
22,16,7
23,16,8
24,16,9
25,16,10
26,16,11
27,16,20
28,16,12
29,16,21
30,16,22
31,16,14
32,16,23
33,16,24
34,16,25
35,1,17
36,1,26
37,1,3
38,1,4
39,1,18
40,1,7
41,1,27
42,1,11
43,1,20
44,1,13
45,1,15
46,1,24
47,1,28
48,1,25
49,1,29
50,17,26
51,17,3
52,17,4
53,17,18
54,17,19
55,17,7
56,17,27
57,17,8
58,17,11
59,17,20
60,17,12
61,17,22
62,17,14
63,17,15
64,17,28
65,17,25
66,17,30
67,2,3
68,2,4
69,2,18
70,2,5
71,2,6
72,2,7
73,2,27
74,2,8
75,2,9
76,2,10
77,2,20
78,2,14
79,2,24
80,26,3
81,26,5
82,26,6
83,26,7
84,26,10
85,26,11
86,26,20
87,26,14
88,26,28
89,26,25
90,3,18
91,3,5
92,3,6
93,3,7
94,3,27
95,3,31
96,3,10
97,3,11
98,3,20
99,3,28
100,3,25
101,3,32
102,3,33
103,3,34
104,4,16
105,4,6
106,4,27
107,4,11
108,4,20
109,4,24
110,4,35
111,4,36
112,18,26
113,18,27
114,18,31
115,18,10
116,18,11
117,18,37
118,18,38
119,18,13
120,18,14
121,18,24
122,18,39
123,18,29
124,18,35
125,5,6
126,5,7
127,5,14
128,5,15
129,5,24
130,5,28
131,5,33
132,19,26
133,19,3
134,19,6
135,19,7
136,19,20
137,19,14
138,19,23
139,19,25
140,19,34
141,6,11
142,6,14
143,6,15
144,6,24
145,6,28
146,7,27
147,7,14
148,7,23
149,7,34
150,7,36
151,27,26
152,27,5
153,27,6
154,27,27
155,27,8
156,27,23
157,27,24
158,27,28
159,27,25
160,27,35
161,27,33
162,27,34
163,27,40
164,31,28
165,31,25
166,31,41
167,31,32
168,31,42
169,31,43
170,31,44
171,31,45
172,31,33
173,31,34
174,31,40
175,31,46
176,8,47
177,8,48
178,9,49
179,9,47
180,9,48
181,10,5
182,10,19
183,10,6
184,10,7
185,10,8
186,10,11
187,10,20
188,10,14
189,10,15
190,10,23
191,10,24
192,11,7
193,11,27
194,11,20
195,11,15
196,11,24
197,11,28
198,11,25
199,11,36
200,20,7
201,20,14
202,20,24
203,20,28
204,20,25
205,20,36
206,50,51
207,50,52
208,50,53
209,50,54
210,50,55
211,50,56
212,50,57
213,50,58
214,59,60
215,59,61
216,59,62
217,59,63
218,59,64
219,65,66
220,65,67
221,65,68
222,65,69
223,70,63
224,70,71
225,70,72
226,70,73
227,70,74
228,75,50
229,75,76
230,75,77
231,75,78
232,75,52
233,75,79
234,75,80
235,75,81
236,75,82
237,83,84
238,83,85
239,83,61
240,83,86
241,83,87
242,83,88
243,51,77
244,51,54
245,51,55
246,51,81
247,51,89
248,60,90
249,60,64
250,60,91
251,76,78
252,76,79
253,76,81
254,76,82
255,76,92
256,76,93
257,84,85
258,84,88
259,84,94
260,84,95
261,77,53
262,77,66
263,77,79
264,77,82
265,77,56
266,96,61
267,96,86
268,96,87
269,96,64
270,96,88
271,96,91
272,78,97
273,78,80
274,78,81
275,78,98
276,78,82
277,78,99
278,78,92
279,78,93
280,85,60
281,85,61
282,85,100
283,85,88
284,85,95
285,85,101
286,85,102
287,85,103
288,52,79
289,52,58
290,61,87
291,61,100
292,53,66
293,53,79
294,53,55
295,53,56
296,62,87
297,62,91
298,66,104
299,66,105
300,66,55
301,66,56
302,63,106
303,63,90
304,63,64
305,63,72
306,104,78
307,104,107
308,104,55
309,104,68
310,104,108
311,104,109
312,104,56
313,104,110
314,104,92
315,104,74
316,104,93
317,106,64
318,106,91
319,106,111
320,106,112
321,107,51
322,107,66
323,107,113
324,107,68
325,107,109
326,107,114
327,107,115
328,107,56
329,107,116
330,107,110
331,107,93
332,86,60
333,86,106
334,86,64
335,86,117
336,86,91
337,86,111
338,86,103
339,118,96
340,118,61
341,118,87
342,118,94
343,118,119
344,118,91
345,118,95
346,118,120
347,121,122
348,123,124
349,123,125
350,123,100
351,123,119
352,123,73
353,123,89
354,123,95
355,123,126
356,123,127
357,128,122
358,128,129
359,128,130
360,128,131
361,128,127
362,128,132
363,128,102
364,128,133
365,134,73
366,134,130
367,134,135
368,134,136
369,134,137
370,134,138
371,139,122
372,139,140
373,139,129
374,139,141
375,139,136
376,139,93
377,139,142
378,139,138
379,139,143
380,144,73
381,144,145
382,144,132
383,144,103
384,146,145
385,146,102
386,146,133
387,147,146
388,147,147
389,147,148
390,147,149
391,147,150
392,147,151
393,147,152
394,147,74
395,147,112
396,147,153
397,147,154
398,147,155
399,156,118
400,156,148
401,156,151
402,156,157
403,156,111
404,156,110
405,156,92
406,156,95
407,156,74
408,156,112
409,156,127
410,156,153
411,156,158
412,159,117
413,159,115
414,159,160
415,159,161
416,159,111
417,159,110
418,159,162
419,159,163
420,159,127
421,159,164
422,159,165
423,159,166
424,159,167
425,159,168
426,159,169
427,159,170
428,159,171
429,159,172
430,159,173
431,159,174
432,159,175
433,159,176
434,159,177
435,159,178
436,179,113
437,179,180
438,179,181
439,179,112
440,179,153
441,148,182
442,148,183
443,148,184
444,148,111
445,148,74
446,148,158
447,185,72
448,185,184
449,185,94
450,185,116
451,185,110
452,185,131
453,185,74
454,185,112
455,185,153
456,185,158
457,185,93
458,185,186
459,185,178
460,187,187
461,187,151
462,187,188
463,187,189
464,187,190
465,187,191
466,192,151
467,192,188
468,192,189
469,192,110
470,192,163
471,192,193
472,192,191
473,192,194
474,195,151
475,195,188
476,195,189
477,195,111
478,195,110
479,195,163
480,195,127
481,195,196
482,195,191
483,149,156
484,149,150
485,149,197
486,149,152
487,149,119
488,149,56
489,149,198
490,149,111
491,149,199
492,149,74
493,149,163
494,149,127
495,149,153
496,149,132
497,150,150
498,150,56
499,150,91
500,150,200
501,150,163
502,150,127
503,150,154
504,151,151
505,151,157
506,151,188
507,151,201
508,151,100
509,151,88
510,151,114
511,151,145
512,151,129
513,151,130
514,151,110
515,151,92
516,151,95
517,151,131
518,151,199
519,151,126
520,151,127
521,151,153
522,151,202
523,151,102
524,151,93
525,151,103
526,151,203
527,151,204
528,151,166
529,205,206
530,205,109
531,205,115
532,205,207
533,205,111
534,205,110
535,205,163
536,205,127
537,205,153
538,205,158
539,205,167
540,205,208
541,205,191
542,205,209
543,206,151
544,206,152
545,206,111
546,206,163
547,206,127
548,206,153
549,206,158
550,206,193
551,206,169
552,206,210
553,206,211
554,206,191
555,157,212
556,157,213
557,157,68
558,157,99
559,157,119
560,157,122
561,157,190
562,157,127
563,157,154
564,212,99
565,212,119
566,212,163
567,212,214
568,212,154
569,212,215
570,188,152
571,188,190
572,188,153
573,188,216
574,188,170
575,188,191
576,188,217
577,189,151
578,189,188
579,189,189
580,189,152
581,189,190
582,189,153
583,189,166
584,189,171
585,189,218
586,189,219
587,189,191
588,189,220
589,221,222
590,221,223
591,221,224
592,221,225
593,221,163
594,221,153
595,221,165
596,221,172
597,221,226
598,221,227
599,221,228
600,221,229
601,221,230
602,221,231
603,221,178
604,221,232
605,222,151
606,222,233
607,222,224
608,222,234
609,222,71
610,222,109
611,222,207
612,222,163
613,222,158
614,222,235
615,222,236
616,222,220
617,222,172
618,222,226
619,222,237
620,222,227
621,222,228
622,222,238
623,222,239
624,222,240
625,222,230
626,222,176
627,222,209
628,222,241
629,222,177
630,222,232
631,222,217
632,223,159
633,223,233
634,223,224
635,223,71
636,223,242
637,223,207
638,223,226
639,223,227
640,223,229
641,223,243
642,223,244
643,223,230
644,223,176
645,223,245
646,223,246
647,223,231
648,223,247
649,223,178
650,223,248
651,233,224
652,233,234
653,233,68
654,233,71
655,233,242
656,233,207
657,233,249
658,233,226
659,233,250
660,233,238
661,233,243
662,233,240
663,233,230
664,233,176
665,233,245
666,233,241
667,233,177
668,233,251
669,233,232
670,233,252
671,224,224
672,224,234
673,224,115
674,224,160
675,224,161
676,224,207
677,224,74
678,224,236
679,224,196
680,224,194
681,224,253
682,224,254
683,224,255
684,224,256
685,224,227
686,224,228
687,224,257
688,224,250
689,224,243
690,224,244
691,224,239
692,224,258
693,224,259
694,224,260
695,224,230
696,224,176
697,224,261
698,224,262
699,224,263
700,224,264
701,224,265
702,224,266
703,234,242
704,234,161
705,234,207
706,234,236
707,234,267
708,234,196
709,234,249
710,234,268
711,234,191
712,234,269
713,234,270
714,234,256
715,234,271
716,234,227
717,234,228
718,234,272
719,234,243
720,234,244
721,234,259
722,234,273
723,234,230
724,234,176
725,234,209
726,234,274
727,234,275
728,276,277
729,276,278
730,276,279
731,276,69
732,280,281
733,280,282
734,280,283
735,280,213
736,280,89
737,280,101
738,280,284
739,280,285
740,280,286
741,280,287
742,280,288
743,289,67
744,289,97
745,289,213
746,289,290
747,289,278
748,289,286
749,289,291
750,289,93
751,124,292
752,124,282
753,124,293
754,124,125
755,124,294
756,124,213
757,124,295
758,124,94
759,124,89
760,124,278
761,124,285
762,124,291
763,124,103
764,296,97
765,296,297
766,296,92
767,296,279
768,296,298
769,296,285
770,296,286
771,296,287
772,296,288
773,296,299
774,300,183
775,300,294
776,300,213
777,300,101
778,300,301
779,300,285
780,300,286
781,300,287
782,113,121
783,113,67
784,113,277
785,113,302
786,113,122
787,113,278
788,113,199
789,113,127
790,113,303
791,113,304
792,113,135
793,113,102
794,113,133
795,113,305
796,182,282
797,182,283
798,182,94
799,182,89
800,182,278
801,182,199
802,182,101
803,182,284
804,182,303
805,182,138
806,182,306
807,182,307
808,180,296
809,180,97
810,180,297
811,180,213
812,180,89
813,180,278
814,180,127
815,180,279
816,180,298
817,180,154
818,180,303
819,180,304
820,180,142
821,180,308
822,180,309
823,180,310
824,180,58
825,183,62
826,183,123
827,183,292
828,183,293
829,183,294
830,183,152
831,183,94
832,183,89
833,183,278
834,183,199
835,183,126
836,183,101
837,183,301
838,183,311
839,183,303
840,183,304
841,183,132
842,183,312
843,183,138
844,183,313
845,183,186
846,314,315
847,316,317
848,318,58
849,319,277
850,319,302
851,319,297
852,319,82
853,319,126
854,319,320
855,319,321
856,319,291
857,319,322
858,319,135
859,319,132
860,319,136
861,292,182
862,292,125
863,292,294
864,292,94
865,292,119
866,292,199
867,292,286
868,292,311
869,292,291
870,292,141
871,292,312
872,67,276
873,67,67
874,67,277
875,67,278
876,67,311
877,67,102
878,67,323
879,282,213
880,282,89
881,282,278
882,282,95
883,282,101
884,282,320
885,282,141
886,282,324
887,97,297
888,97,89
889,97,141
890,97,303
891,97,325
892,293,300
893,293,294
894,293,278
895,293,286
896,293,322
897,293,103
898,293,326
899,277,279
900,277,322
901,277,327
902,277,328
903,277,329
904,283,125
905,283,101
906,283,141
907,283,330
908,283,315
909,283,306
910,302,320
911,302,321
912,302,291
913,302,322
914,302,304
915,302,329
916,302,331
917,302,305
918,302,332
919,302,333
920,302,334
921,302,335
922,302,336
923,302,337
924,125,94
925,125,320
926,125,311
927,125,322
928,125,141
929,125,303
930,125,306
931,125,215
932,125,307
933,297,99
934,297,91
935,297,92
936,297,279
937,297,320
938,297,332
939,297,333
940,297,335
941,297,336
942,294,101
943,294,286
944,294,311
945,294,312
946,338,61
947,338,118
948,338,183
949,338,100
950,338,339
951,338,313
952,105,52
953,105,180
954,105,79
955,105,55
956,105,99
957,105,56
958,105,92
959,105,199
960,105,58
961,54,66
962,54,180
963,54,55
964,54,56
965,54,89
966,54,317
967,90,70
968,90,123
969,90,64
970,90,91
971,213,118
972,213,151
973,213,296
974,213,113
975,213,182
976,213,183
977,213,67
978,213,293
979,213,125
980,213,213
981,213,79
982,213,87
983,213,100
984,213,81
985,213,88
986,213,197
987,213,94
988,213,92
989,213,95
990,213,199
991,213,101
992,213,301
993,213,288
994,213,312
995,213,58
996,213,313
997,290,113
998,290,319
999,290,286
1000,290,311
1001,290,321
1002,295,182
1003,295,73
1004,201,85
1005,201,100
1006,201,81
1007,201,88
1008,201,119
1009,201,92
1010,201,95
1011,201,199
1012,79,201
1013,79,80
1014,79,81
1015,79,88
1016,79,82
1017,79,92
1018,79,95
1019,79,299
1020,87,84
1021,87,85
1022,87,64
1023,87,88
1024,87,94
1025,87,95
1026,87,326
1027,55,79
1028,55,55
1029,55,108
1030,55,56
1031,64,91
1032,80,105
1033,80,82
1034,80,92
1035,80,199
1036,80,163
1037,100,118
1038,100,94
1039,100,95
1040,81,151
1041,81,55
1042,81,91
1043,81,340
1044,81,92
1045,81,95
1046,81,200
1047,81,126
1048,81,137
1049,81,93
1050,81,103
1051,88,86
1052,88,64
1053,88,88
1054,88,56
1055,88,340
1056,88,95
1057,88,131
1058,88,199
1059,88,137
1060,88,102
1061,88,93
1062,88,103
1063,197,183
1064,197,197
1065,197,82
1066,197,94
1067,197,190
1068,197,340
1069,197,341
1070,197,200
1071,197,131
1072,197,199
1073,197,126
1074,197,287
1075,197,288
1076,197,321
1077,197,291
1078,197,322
1079,197,132
1080,197,103
1081,342,205
1082,342,206
1083,342,199
1084,342,126
1085,342,343
1086,342,344
1087,342,345
1088,342,191
1089,68,66
1090,68,54
1091,68,55
1092,68,109
1093,68,74
1094,68,191
1095,68,274
1096,71,63
1097,71,106
1098,71,64
1099,71,117
1100,71,236
1101,71,346
1102,71,186
1103,71,241
1104,71,177
1105,71,178
1106,71,274
1107,98,316
1108,98,105
1109,98,108
1110,98,82
1111,98,99
1112,98,56
1113,98,278
1114,98,140
1115,98,198
1116,98,116
1117,98,341
1118,98,92
1119,98,200
1120,98,347
1121,98,74
1122,98,279
1123,98,191
1124,108,79
1125,108,109
1126,108,56
1127,108,200
1128,108,74
1129,108,112
1130,108,93
1131,108,323
1132,108,305
1133,108,348
1134,72,72
1135,72,117
1136,72,242
1137,72,199
1138,72,74
1139,72,112
1140,72,186
1141,72,178
1142,181,140
1143,181,305
1144,184,73
1145,184,186
1146,152,151
1147,152,112
1148,152,153
1149,152,101
1150,152,202
1151,152,164
1152,152,165
1153,152,204
1154,152,166
1155,152,349
1156,109,159
1157,109,221
1158,109,117
1159,109,350
1160,109,160
1161,109,110
1162,109,200
1163,109,74
1164,109,112
1165,109,127
1166,109,158
1167,109,235
1168,109,169
1169,109,351
1170,109,348
1171,109,194
1172,109,220
1173,109,226
1174,109,352
1175,109,353
1176,109,237
1177,109,173
1178,109,174
1179,109,228
1180,109,250
1181,109,240
1182,109,354
1183,109,176
1184,109,241
1185,109,177
1186,109,355
1187,109,217
1188,117,205
1189,117,293
1190,117,108
1191,117,115
1192,117,160
1193,117,161
1194,117,111
1195,117,341
1196,117,162
1197,117,112
1198,117,127
1199,117,153
1200,117,165
1201,117,196
1202,117,169
1203,117,346
1204,117,351
1205,117,356
1206,117,348
1207,117,186
1208,117,220
1209,117,357
1210,117,172
1211,117,226
1212,117,352
1213,117,173
1214,117,174
1215,117,354
1216,117,230
1217,117,176
1218,117,241
1219,117,177
1220,117,178
1221,114,76
1222,114,78
1223,114,185
1224,114,117
1225,114,89
1226,114,110
1227,114,202
1228,114,93
1229,114,142
1230,242,84
1231,242,85
1232,242,106
1233,242,86
1234,242,201
1235,242,64
1236,242,100
1237,242,350
1238,242,207
1239,242,103
1240,242,240
1241,242,358
1242,115,108
1243,115,109
1244,115,114
1245,115,340
1246,115,110
1247,115,126
1248,115,74
1249,115,112
1250,115,127
1251,350,86
1252,350,156
1253,350,72
1254,350,119
1255,350,56
1256,350,74
1257,350,112
1258,350,103
1259,350,186
1260,225,159
1261,225,117
1262,225,359
1263,225,160
1264,225,110
1265,225,162
1266,225,127
1267,225,153
1268,225,196
1269,225,172
1270,225,352
1271,225,237
1272,225,229
1273,225,238
1274,359,152
1275,359,109
1276,359,117
1277,359,110
1278,359,127
1279,359,158
1280,359,267
1281,359,220
1282,359,237
1283,359,360
1284,160,205
1285,160,115
1286,160,160
1287,160,207
1288,160,111
1289,160,110
1290,160,341
1291,160,74
1292,160,112
1293,160,163
1294,160,127
1295,160,196
1296,160,249
1297,160,346
1298,160,220
1299,160,269
1300,160,357
1301,160,226
1302,160,256
1303,160,352
1304,160,353
1305,160,173
1306,160,174
1307,160,272
1308,160,361
1309,160,244
1310,160,260
1311,160,362
1312,160,354
1313,160,230
1314,160,176
1315,160,241
1316,160,177
1317,160,178
1318,160,261
1319,160,363
1320,160,364
1321,160,365
1322,161,206
1323,161,109
1324,161,115
1325,161,350
1326,161,341
1327,161,112
1328,161,249
1329,161,219
1330,161,269
1331,161,174
1332,161,354
1333,161,230
1334,161,176
1335,161,209
1336,161,245
1337,161,241
1338,161,177
1339,161,178
1340,161,366
1341,161,232
1342,207,159
1343,207,71
1344,207,109
1345,207,114
1346,207,116
1347,207,341
1348,207,74
1349,207,112
1350,207,235
1351,207,346
1352,207,367
1353,207,191
1354,207,253
1355,207,254
1356,207,227
1357,207,243
1358,207,240
1359,207,260
1360,207,230
1361,207,209
1362,207,246
1363,207,241
1364,207,177
1365,207,266
1366,207,248
1367,368,115
1368,368,161
1369,368,369
1370,368,341
1371,368,268
1372,368,191
1373,368,244
1374,368,370
1375,368,371
1376,368,245
1377,368,246
1378,368,177
1379,368,178
1380,368,275
1381,368,372
1382,368,232
1383,368,373
1384,368,252
1385,368,374
1386,82,105
1387,82,99
1388,82,92
1389,82,131
1390,82,126
1391,82,135
1392,82,136
1393,82,299
1394,94,119
1395,94,92
1396,94,95
1397,94,199
1398,94,311
1399,94,291
1400,94,141
1401,99,128
1402,99,139
1403,99,97
1404,99,201
1405,99,190
1406,99,340
1407,99,198
1408,99,92
1409,99,200
1410,99,131
1411,99,126
1412,99,347
1413,99,127
1414,99,304
1415,119,144
1416,119,318
1417,119,293
1418,119,190
1419,119,369
1420,119,199
1421,119,303
1422,119,313
1423,122,278
1424,122,116
1425,122,199
1426,122,74
1427,122,321
1428,122,291
1429,122,322
1430,122,154
1431,122,303
1432,122,132
1433,122,93
1434,122,323
1435,122,133
1436,122,331
1437,122,305
1438,122,308
1439,73,148
1440,73,292
1441,73,94
1442,73,140
1443,73,320
1444,73,291
1445,73,141
1446,73,135
1447,73,103
1448,73,324
1449,73,307
1450,73,186
1451,56,94
1452,56,56
1453,56,140
1454,56,145
1455,56,340
1456,56,200
1457,56,131
1458,56,199
1459,56,120
1460,56,74
1461,56,132
1462,56,324
1463,56,375
1464,91,151
1465,91,140
1466,91,340
1467,91,200
1468,91,131
1469,91,126
1470,91,347
1471,91,112
1472,91,154
1473,91,135
1474,89,91
1475,89,130
1476,89,200
1477,89,163
1478,89,127
1479,89,303
1480,89,135
1481,89,132
1482,89,136
1483,89,348
1484,278,56
1485,278,130
1486,278,92
1487,278,200
1488,278,347
1489,278,163
1490,278,127
1491,278,154
1492,278,135
1493,278,132
1494,278,136
1495,278,102
1496,278,133
1497,140,306
1498,140,215
1499,140,376
1500,140,191
1501,145,329
1502,145,331
1503,145,377
1504,145,191
1505,129,200
1506,129,131
1507,129,120
1508,129,163
1509,129,378
1510,129,132
1511,129,309
1512,129,337
1513,129,379
1514,129,380
1515,130,200
1516,130,131
1517,130,347
1518,130,127
1519,130,381
1520,130,135
1521,130,136
1522,130,382
1523,130,334
1524,130,383
1525,130,191
1526,190,151
1527,190,140
1528,190,145
1529,190,129
1530,190,340
1531,190,111
1532,190,200
1533,190,199
1534,190,163
1535,190,135
1536,190,132
1537,190,203
1538,190,384
1539,190,193
1540,190,211
1541,190,170
1542,190,171
1543,190,191
1544,190,385
1545,190,217
1546,340,187
1547,340,188
1548,340,350
1549,340,140
1550,340,130
1551,340,200
1552,340,131
1553,340,126
1554,340,291
1555,340,135
1556,340,142
1557,340,386
1558,340,387
1559,340,191
1560,340,388
1561,340,389
1562,198,206
1563,198,115
1564,198,82
1565,198,94
1566,198,119
1567,198,56
1568,198,91
1569,198,190
1570,198,340
1571,198,341
1572,198,163
1573,198,127
1574,198,312
1575,198,390
1576,198,391
1577,198,392
1578,198,339
1579,198,313
1580,198,260
1581,198,273
1582,198,175
1583,198,209
1584,198,245
1585,198,246
1586,198,274
1587,116,159
1588,116,179
1589,116,242
1590,116,74
1591,116,112
1592,116,153
1593,116,202
1594,116,93
1595,116,393
1596,116,348
1597,116,230
1598,116,275
1599,394,71
1600,394,207
1601,394,341
1602,394,381
1603,394,191
1604,394,230
1605,394,177
1606,394,251
1607,394,232
1608,394,395
1609,369,94
1610,369,99
1611,369,56
1612,369,91
1613,369,145
1614,369,190
1615,369,340
1616,369,198
1617,369,341
1618,369,199
1619,369,120
1620,369,313
1621,111,163
1622,111,127
1623,111,202
1624,111,381
1625,111,378
1626,111,396
1627,111,397
1628,111,398
1629,111,399
1630,111,400
1631,111,401
1632,111,165
1633,111,166
1634,111,402
1635,111,403
1636,111,404
1637,111,405
1638,111,216
1639,110,126
1640,110,317
1641,110,112
1642,110,163
1643,110,127
1644,110,153
1645,110,202
1646,110,381
1647,110,378
1648,110,396
1649,110,397
1650,110,398
1651,110,399
1652,110,400
1653,110,164
1654,110,401
1655,110,165
1656,110,406
1657,110,166
1658,110,407
1659,110,408
1660,110,196
1661,110,409
1662,110,404
1663,110,405
1664,110,216
1665,110,194
1666,341,92
1667,341,288
1668,341,202
1669,341,381
1670,341,378
1671,341,268
1672,341,410
1673,341,392
1674,341,246
1675,341,411
1676,341,395
1677,92,97
1678,92,277
1679,92,73
1680,92,92
1681,92,95
1682,92,320
1683,92,311
1684,92,321
1685,92,291
1686,92,322
1687,92,141
1688,92,214
1689,92,154
1690,92,135
1691,92,132
1692,92,312
1693,92,136
1694,92,133
1695,92,138
1696,95,183
1697,95,82
1698,95,122
1699,95,145
1700,95,320
1701,95,311
1702,95,321
1703,95,291
1704,95,322
1705,95,141
1706,95,214
1707,95,154
1708,95,135
1709,95,132
1710,95,312
1711,95,136
1712,95,155
1713,95,133
1714,95,142
1715,200,82
1716,200,94
1717,200,347
1718,200,120
1719,200,74
1720,200,112
1721,200,291
1722,200,135
1723,200,132
1724,200,312
1725,200,307
1726,200,337
1727,200,348
1728,131,72
1729,131,94
1730,131,111
1731,131,95
1732,131,199
1733,131,120
1734,131,74
1735,131,112
1736,131,163
1737,131,158
1738,131,321
1739,131,291
1740,131,135
1741,131,132
1742,131,312
1743,131,136
1744,131,305
1745,131,334
1746,199,163
1747,199,127
1748,199,202
1749,199,381
1750,199,378
1751,199,396
1752,199,397
1753,199,398
1754,199,203
1755,199,412
1756,199,413
1757,199,404
1758,126,163
1759,126,127
1760,126,202
1761,126,381
1762,126,378
1763,126,396
1764,126,397
1765,126,398
1766,126,203
1767,126,412
1768,126,414
1769,126,415
1770,126,413
1771,126,409
1772,126,404
1773,126,416
1774,120,281
1775,120,119
1776,120,324
1777,317,122
1778,317,191
1779,317,348
1780,74,112
1781,74,163
1782,74,127
1783,74,402
1784,74,417
1785,74,407
1786,74,408
1787,74,409
1788,74,191
1789,74,230
1790,74,176
1791,112,159
1792,112,163
1793,112,398
1794,112,412
1795,112,415
1796,112,402
1797,112,403
1798,112,408
1799,112,404
1800,112,416
1801,112,216
1802,112,218
1803,112,191
1804,112,253
1805,112,254
1806,112,230
1807,112,176
1808,112,178
1809,112,372
1810,163,127
1811,163,153
1812,163,158
1813,163,303
1814,163,381
1815,163,396
1816,163,397
1817,163,398
1818,163,399
1819,163,400
1820,163,164
1821,163,401
1822,163,165
1823,163,235
1824,163,166
1825,163,414
1826,163,402
1827,163,417
1828,163,403
1829,163,418
1830,163,407
1831,163,408
1832,163,196
1833,163,167
1834,163,413
1835,163,409
1836,163,404
1837,163,416
1838,163,405
1839,163,419
1840,163,420
1841,163,421
1842,163,193
1843,163,216
1844,163,168
1845,163,211
1846,163,218
1847,163,194
1848,163,357
1849,163,385
1850,163,354
1851,163,176
1852,127,119
1853,127,153
1854,127,158
1855,127,378
1856,127,396
1857,127,397
1858,127,398
1859,127,399
1860,127,400
1861,127,164
1862,127,401
1863,127,165
1864,127,235
1865,127,422
1866,127,203
1867,127,166
1868,127,412
1869,127,414
1870,127,402
1871,127,417
1872,127,423
1873,127,403
1874,127,418
1875,127,407
1876,127,408
1877,127,196
1878,127,409
1879,127,404
1880,127,416
1881,127,405
1882,127,419
1883,127,420
1884,127,421
1885,127,193
1886,127,216
1887,127,168
1888,127,211
1889,127,191
1890,127,194
1891,127,220
1892,127,357
1893,127,385
1894,153,317
1895,153,74
1896,153,112
1897,153,158
1898,153,142
1899,153,164
1900,153,401
1901,153,165
1902,153,422
1903,153,203
1904,153,204
1905,153,166
1906,153,267
1907,153,412
1908,153,414
1909,153,171
1910,153,218
1911,153,191
1912,158,111
1913,158,110
1914,158,199
1915,158,74
1916,158,112
1917,158,324
1918,158,138
1919,158,165
1920,158,422
1921,158,203
1922,158,204
1923,158,166
1924,158,267
1925,158,424
1926,158,170
1927,158,171
1928,158,218
1929,158,191
1930,158,186
1931,279,13
1932,279,49
1933,101,22
1934,101,47
1935,69,279
1936,69,327
1937,69,328
1938,69,377
1939,284,101
1940,284,286
1941,284,330
1942,284,315
1943,284,306
1944,284,215
1945,284,307
1946,298,297
1947,298,279
1948,298,285
1949,298,288
1950,298,332
1951,298,333
1952,298,382
1953,301,101
1954,301,286
1955,301,336
1956,301,309
1957,301,337
1958,301,379
1959,285,125
1960,285,285
1961,285,303
1962,285,306
1963,285,307
1964,285,337
1965,286,302
1966,286,286
1967,286,329
1968,286,331
1969,286,332
1970,286,334
1971,287,82
1972,287,322
1973,287,135
1974,287,132
1975,287,333
1976,287,382
1977,287,336
1978,287,309
1979,287,379
1980,287,425
1981,288,82
1982,288,327
1983,288,328
1984,288,330
1985,288,315
1986,288,376
1987,288,426
1988,320,141
1989,320,330
1990,320,315
1991,320,306
1992,320,215
1993,320,307
1994,320,376
1995,320,332
1996,311,288
1997,311,322
1998,311,102
1999,311,327
2000,311,328
2001,311,329
2002,311,331
2003,311,377
2004,311,330
2005,311,315
2006,311,376
2007,311,426
2008,311,332
2009,321,321
2010,321,291
2011,321,329
2012,321,305
2013,321,306
2014,321,215
2015,321,332
2016,321,337
2017,321,427
2018,291,121
2019,291,113
2020,291,286
2021,291,320
2022,291,132
2023,291,93
2024,291,133
2025,291,305
2026,291,334
2027,291,308
2028,322,101
2029,322,303
2030,322,336
2031,322,309
2032,322,337
2033,322,379
2034,322,428
2035,141,297
2036,141,93
2037,141,329
2038,141,332
2039,141,333
2040,141,382
2041,141,334
2042,141,308
2043,141,383
2044,141,429
2045,141,309
2046,141,379
2047,141,428
2048,214,147
2049,214,145
2050,214,311
2051,214,322
2052,214,154
2053,214,132
2054,214,138
2055,214,310
2056,214,379
2057,214,428
2058,154,197
2059,154,140
2060,154,200
2061,154,347
2062,154,320
2063,154,141
2064,154,154
2065,154,136
2066,154,142
2067,154,426
2068,154,382
2069,154,334
2070,154,429
2071,154,379
2072,154,428
2073,154,430
2074,154,425
2075,303,94
2076,303,73
2077,303,190
2078,303,291
2079,303,306
2080,303,215
2081,303,307
2082,304,321
2083,304,291
2084,304,329
2085,304,331
2086,304,305
2087,304,332
2088,202,140
2089,202,145
2090,202,327
2091,202,329
2092,202,331
2093,202,377
2094,202,330
2095,202,306
2096,202,215
2097,202,376
2098,202,191
2099,381,332
2100,381,382
2101,381,334
2102,381,383
2103,381,191
2104,378,335
2105,378,309
2106,378,337
2107,378,379
2108,378,191
2109,135,199
2110,135,312
2111,135,136
2112,135,137
2113,135,325
2114,135,155
2115,135,327
2116,135,328
2117,135,431
2118,135,330
2119,135,215
2120,135,307
2121,135,376
2122,135,426
2123,135,333
2124,135,382
2125,135,432
2126,135,433
2127,135,434
2128,135,435
2129,135,436
2130,135,437
2131,135,438
2132,135,439
2133,135,440
2134,132,82
2135,132,135
2136,132,312
2137,132,102
2138,132,326
2139,132,133
2140,132,328
2141,132,305
2142,132,377
2143,132,431
2144,132,333
2145,132,336
2146,132,379
2147,132,441
2148,132,442
2149,132,443
2150,132,444
2151,132,445
2152,132,446
2153,132,447
2154,132,448
2155,132,449
2156,312,94
2157,312,199
2158,312,287
2159,312,288
2160,312,311
2161,312,322
2162,312,312
2163,312,136
2164,312,323
2165,312,138
2166,312,327
2167,312,328
2168,312,336
2169,312,309
2170,312,310
2171,312,379
2172,312,428
2173,312,427
2174,312,450
2175,312,451
2176,312,452
2177,312,453
2178,312,454
2179,312,455
2180,312,456
2181,312,457
2182,312,425
2183,136,287
2184,136,320
2185,136,324
2186,136,142
2187,136,333
2188,136,382
2189,136,334
2190,136,308
2191,136,383
2192,136,429
2193,136,458
2194,136,380
2195,136,459
2196,136,460
2197,136,461
2198,136,462
2199,136,463
2200,136,464
2201,136,465
2202,137,147
2203,137,182
2204,137,91
2205,137,130
2206,137,200
2207,137,287
2208,137,93
2209,137,155
2210,137,142
2211,137,330
2212,137,315
2213,137,306
2214,137,215
2215,137,307
2216,137,376
2217,137,426
2218,137,432
2219,137,433
2220,137,434
2221,137,435
2222,137,436
2223,137,437
2224,137,438
2225,137,439
2226,137,440
2227,102,277
2228,102,129
2229,102,137
2230,102,102
2231,102,103
2232,102,133
2233,102,138
2234,102,327
2235,102,328
2236,102,331
2237,102,305
2238,102,377
2239,102,431
2240,102,330
2241,102,315
2242,102,426
2243,102,441
2244,102,442
2245,102,443
2246,102,444
2247,102,445
2248,102,446
2249,102,447
2250,102,448
2251,102,449
2252,102,466
2253,93,140
2254,93,154
2255,93,323
2256,93,142
2257,93,332
2258,93,333
2259,93,382
2260,93,334
2261,93,308
2262,93,383
2263,93,429
2264,93,458
2265,93,380
2266,93,459
2267,93,460
2268,93,461
2269,93,462
2270,93,463
2271,93,464
2272,93,465
2273,93,143
2274,93,348
2275,103,145
2276,103,291
2277,103,303
2278,103,138
2279,103,215
2280,103,335
2281,103,336
2282,103,309
2283,103,337
2284,103,310
2285,103,379
2286,103,428
2287,103,427
2288,103,450
2289,103,451
2290,103,452
2291,103,453
2292,103,454
2293,103,455
2294,103,456
2295,103,457
2296,325,347
2297,325,127
2298,325,155
2299,325,307
2300,325,376
2301,325,426
2302,325,432
2303,325,433
2304,325,434
2305,325,435
2306,325,436
2307,325,437
2308,325,438
2309,325,439
2310,325,440
2311,326,133
2312,326,305
2313,326,377
2314,326,431
2315,326,215
2316,326,441
2317,326,442
2318,326,443
2319,326,444
2320,326,445
2321,326,446
2322,326,447
2323,326,448
2324,326,449
2325,323,138
2326,323,310
2327,323,379
2328,323,428
2329,323,427
2330,323,450
2331,323,451
2332,323,452
2333,323,453
2334,323,454
2335,323,455
2336,323,456
2337,323,457
2338,324,119
2339,324,126
2340,324,142
2341,324,308
2342,324,383
2343,324,429
2344,324,458
2345,324,380
2346,324,459
2347,324,460
2348,324,461
2349,324,462
2350,324,463
2351,324,464
2352,324,465
2353,155,307
2354,155,376
2355,155,426
2356,155,432
2357,155,433
2358,155,434
2359,155,435
2360,155,436
2361,155,437
2362,155,438
2363,155,439
2364,155,440
2365,133,305
2366,133,377
2367,133,431
2368,133,441
2369,133,442
2370,133,443
2371,133,444
2372,133,445
2373,133,446
2374,133,447
2375,133,448
2376,133,449
2377,142,308
2378,142,383
2379,142,429
2380,142,458
2381,142,380
2382,142,459
2383,142,460
2384,142,461
2385,142,462
2386,142,463
2387,142,464
2388,142,465
2389,138,340
2390,138,310
2391,138,379
2392,138,428
2393,138,427
2394,138,450
2395,138,451
2396,138,452
2397,138,453
2398,138,454
2399,138,455
2400,138,456
2401,138,457
2402,396,406
2403,396,412
2404,396,467
2405,396,468
2406,396,377
2407,396,431
2408,396,376
2409,396,426
2410,396,441
2411,397,398
2412,397,406
2413,397,414
2414,397,467
2415,397,468
2416,397,469
2417,397,431
2418,397,426
2419,397,441
2420,397,442
2421,397,443
2422,397,432
2423,397,433
2424,398,399
2425,398,203
2426,398,402
2427,398,470
2428,398,469
2429,398,471
2430,398,442
2431,398,443
2432,398,444
2433,398,433
2434,398,434
2435,398,435
2436,398,436
2437,399,422
2438,399,470
2439,399,471
2440,399,472
2441,399,444
2442,399,445
2443,399,446
2444,399,435
2445,399,436
2446,399,437
2447,400,399
2448,400,204
2449,400,472
2450,400,473
2451,400,445
2452,400,446
2453,400,447
2454,400,436
2455,400,437
2456,400,438
2457,164,474
2458,164,471
2459,164,472
2460,164,473
2461,164,475
2462,164,444
2463,164,445
2464,164,446
2465,164,447
2466,164,448
2467,164,449
2468,164,434
2469,164,435
2470,164,436
2471,164,437
2472,164,438
2473,164,439
2474,164,440
2475,401,164
2476,401,166
2477,401,393
2478,401,193
2479,401,475
2480,401,390
2481,401,391
2482,401,447
2483,401,448
2484,401,449
2485,401,476
2486,401,477
2487,401,478
2488,401,438
2489,401,439
2490,401,440
2491,401,479
2492,401,480
2493,401,481
2494,165,401
2495,165,267
2496,165,196
2497,165,167
2498,165,268
2499,165,390
2500,165,391
2501,165,208
2502,165,482
2503,165,219
2504,165,346
2505,165,449
2506,165,476
2507,165,477
2508,165,478
2509,165,483
2510,165,484
2511,165,440
2512,165,479
2513,165,480
2514,165,481
2515,165,485
2516,165,486
2517,235,165
2518,235,236
2519,235,267
2520,235,196
2521,235,268
2522,235,211
2523,235,219
2524,235,346
2525,235,478
2526,235,483
2527,235,484
2528,235,487
2529,235,488
2530,235,367
2531,235,481
2532,235,485
2533,235,486
2534,235,489
2535,235,490
2536,235,491
2537,235,194
2538,235,357
2539,235,389
2540,236,196
2541,236,268
2542,236,346
2543,236,484
2544,236,487
2545,236,488
2546,236,367
2547,236,486
2548,236,489
2549,236,491
2550,236,366
2551,406,414
2552,406,467
2553,406,468
2554,406,469
2555,406,377
2556,406,431
2557,406,441
2558,406,442
2559,406,432
2560,406,433
2561,422,397
2562,422,398
2563,422,415
2564,422,402
2565,422,467
2566,422,470
2567,422,469
2568,422,471
2569,422,442
2570,422,443
2571,422,444
2572,422,445
2573,422,433
2574,422,434
2575,422,435
2576,203,399
2577,203,400
2578,203,402
2579,203,417
2580,203,470
2581,203,471
2582,203,472
2583,203,473
2584,203,444
2585,203,445
2586,203,446
2587,203,447
2588,203,435
2589,203,436
2590,203,437
2591,204,423
2592,204,473
2593,204,446
2594,204,447
2595,204,448
2596,204,449
2597,204,437
2598,204,438
2599,204,439
2600,204,440
2601,384,164
2602,384,401
2603,384,165
2604,384,403
2605,384,418
2606,384,193
2607,384,492
2608,384,471
2609,384,472
2610,384,473
2611,384,475
2612,384,447
2613,384,448
2614,384,449
2615,384,476
2616,384,477
2617,384,478
2618,384,438
2619,384,439
2620,384,440
2621,384,479
2622,384,480
2623,384,481
2624,166,165
2625,166,235
2626,166,418
2627,166,407
2628,166,475
2629,166,390
2630,166,449
2631,166,476
2632,166,477
2633,166,478
2634,166,483
2635,166,440
2636,166,479
2637,166,480
2638,166,481
2639,166,485
2640,267,408
2641,267,196
2642,267,390
2643,267,478
2644,267,483
2645,267,484
2646,267,487
2647,267,488
2648,267,367
2649,267,481
2650,267,485
2651,267,486
2652,267,489
2653,267,490
2654,267,491
2655,412,406
2656,412,412
2657,412,467
2658,412,493
2659,412,377
2660,412,431
2661,412,376
2662,412,426
2663,414,467
2664,414,468
2665,414,431
2666,414,426
2667,414,441
2668,414,442
2669,414,432
2670,414,433
2671,415,398
2672,415,469
2673,415,442
2674,415,443
2675,415,433
2676,415,434
2677,402,470
2678,402,471
2679,402,443
2680,402,444
2681,402,445
2682,402,435
2683,402,436
2684,417,417
2685,417,472
2686,417,444
2687,417,445
2688,417,436
2689,423,473
2690,423,446
2691,423,447
2692,423,437
2693,423,438
2694,403,475
2695,403,448
2696,403,449
2697,403,439
2698,403,440
2699,418,390
2700,418,476
2701,418,477
2702,418,479
2703,418,480
2704,407,391
2705,407,478
2706,407,483
2707,407,481
2708,407,485
2709,408,208
2710,408,482
2711,408,483
2712,408,486
2713,408,489
2714,196,153
2715,196,249
2716,196,346
2717,196,484
2718,196,487
2719,196,488
2720,196,367
2721,196,490
2722,196,491
2723,196,357
2724,196,366
2725,249,71
2726,249,114
2727,249,242
2728,249,225
2729,249,162
2730,249,235
2731,249,267
2732,249,249
2733,249,268
2734,249,346
2735,249,487
2736,249,488
2737,249,367
2738,249,490
2739,249,491
2740,249,220
2741,249,172
2742,249,352
2743,249,494
2744,249,271
2745,249,173
2746,249,229
2747,249,250
2748,249,238
2749,249,360
2750,249,495
2751,249,243
2752,249,244
2753,249,176
2754,249,247
2755,249,177
2756,249,178
2757,249,261
2758,249,274
2759,249,251
2760,249,232
2761,249,365
2762,467,496
2763,467,468
2764,467,377
2765,467,431
2766,467,376
2767,467,426
2768,467,441
2769,467,442
2770,467,432
2771,467,433
2772,467,434
2773,470,469
2774,470,471
2775,470,443
2776,470,444
2777,470,445
2778,470,434
2779,470,435
2780,470,436
2781,474,198
2782,474,384
2783,474,445
2784,474,446
2785,474,447
2786,474,448
2787,474,435
2788,474,436
2789,474,437
2790,474,438
2791,474,439
2792,474,392
2793,393,449
2794,393,476
2795,393,477
2796,393,437
2797,393,438
2798,393,439
2799,393,440
2800,393,479
2801,393,480
2802,167,478
2803,167,483
2804,167,481
2805,167,485
2806,268,488
2807,268,367
2808,268,486
2809,268,489
2810,268,490
2811,413,397
2812,413,467
2813,413,493
2814,413,429
2815,413,428
2816,413,458
2817,413,427
2818,409,467
2819,409,413
2820,409,404
2821,409,497
2822,409,496
2823,409,493
2824,409,468
2825,409,429
2826,409,428
2827,409,458
2828,409,380
2829,409,427
2830,409,450
2831,404,467
2832,404,470
2833,404,416
2834,404,496
2835,404,498
2836,404,468
2837,404,469
2838,404,458
2839,404,380
2840,404,459
2841,404,460
2842,404,450
2843,404,451
2844,404,452
2845,416,470
2846,416,498
2847,416,499
2848,416,471
2849,416,461
2850,416,462
2851,416,452
2852,416,453
2853,416,454
2854,405,470
2855,405,419
2856,405,499
2857,405,472
2858,405,461
2859,405,462
2860,405,453
2861,405,454
2862,405,455
2863,419,412
2864,419,414
2865,419,499
2866,419,210
2867,419,472
2868,419,473
2869,419,462
2870,419,463
2871,419,464
2872,419,453
2873,419,454
2874,419,455
2875,419,456
2876,420,412
2877,420,414
2878,420,415
2879,420,211
2880,420,473
2881,420,475
2882,420,463
2883,420,464
2884,420,465
2885,420,455
2886,420,456
2887,420,457
2888,421,414
2889,421,415
2890,421,402
2891,421,417
2892,421,211
2893,421,475
2894,421,390
2895,421,465
2896,421,386
2897,421,500
2898,421,456
2899,421,457
2900,421,501
2901,193,204
2902,193,492
2903,193,424
2904,193,170
2905,193,391
2906,193,208
2907,193,482
2908,193,386
2909,193,500
2910,193,502
2911,193,501
2912,193,503
2913,193,410
2914,216,192
2915,216,189
2916,216,384
2917,216,393
2918,216,167
2919,216,193
2920,216,492
2921,216,424
2922,216,170
2923,216,390
2924,216,391
2925,216,386
2926,216,502
2927,216,503
2928,216,410
2929,216,392
2930,216,191
2931,216,209
2932,216,275
2933,168,268
2934,168,169
2935,168,171
2936,168,482
2937,168,219
2938,168,387
2939,168,504
2940,168,351
2941,168,410
2942,168,392
2943,168,505
2944,168,354
2945,168,176
2946,168,506
2947,169,507
2948,169,163
2949,169,127
2950,169,153
2951,169,158
2952,169,165
2953,169,235
2954,169,166
2955,169,267
2956,169,167
2957,169,268
2958,169,216
2959,169,424
2960,169,170
2961,169,171
2962,169,218
2963,169,391
2964,169,208
2965,169,482
2966,169,219
2967,169,346
2968,169,502
2969,169,387
2970,169,504
2971,169,351
2972,169,410
2973,169,392
2974,169,505
2975,169,356
2976,169,357
2977,169,354
2978,169,209
2979,169,508
2980,169,217
2981,497,140
2982,497,467
2983,497,413
2984,497,404
2985,497,416
2986,497,493
2987,497,468
2988,497,429
2989,497,428
2990,497,450
2991,496,470
2992,496,468
2993,496,469
2994,496,458
2995,496,380
2996,496,459
2997,496,460
2998,496,427
2999,496,450
3000,496,451
3001,496,452
3002,498,470
3003,498,405
3004,498,469
3005,498,471
3006,498,459
3007,498,460
3008,498,461
3009,498,462
3010,498,451
3011,498,452
3012,498,453
3013,498,454
3014,499,470
3015,499,474
3016,499,471
3017,499,472
3018,499,461
3019,499,462
3020,499,453
3021,499,454
3022,499,455
3023,210,163
3024,210,153
3025,210,474
3026,210,473
3027,210,461
3028,210,462
3029,210,463
3030,210,464
3031,210,453
3032,210,454
3033,210,455
3034,210,456
3035,211,393
3036,211,492
3037,211,170
3038,211,473
3039,211,475
3040,211,482
3041,211,464
3042,211,465
3043,211,456
3044,211,457
3045,492,192
3046,492,189
3047,492,474
3048,492,393
3049,492,167
3050,492,169
3051,492,424
3052,492,390
3053,492,391
3054,492,386
3055,492,500
3056,492,501
3057,492,503
3058,492,392
3059,424,192
3060,424,151
3061,424,153
3062,424,167
3063,424,170
3064,424,391
3065,424,208
3066,424,386
3067,424,500
3068,424,502
3069,424,387
3070,424,503
3071,424,410
3072,424,392
3073,424,209
3074,424,275
3075,424,508
3076,170,74
3077,170,167
3078,170,268
3079,170,168
3080,170,171
3081,170,208
3082,170,482
3083,170,502
3084,170,387
3085,170,504
3086,170,410
3087,170,505
3088,170,509
3089,170,508
3090,170,506
3091,171,268
3092,171,424
3093,171,218
3094,171,482
3095,171,387
3096,171,504
3097,171,351
3098,171,510
3099,171,505
3100,171,509
3101,171,356
3102,171,354
3103,171,176
3104,171,506
3105,171,355
3106,171,217
3107,218,268
3108,218,346
3109,218,351
3110,218,356
3111,218,354
3112,218,217
3113,493,467
3114,493,429
3115,493,458
3116,468,412
3117,468,429
3118,468,428
3119,468,458
3120,468,380
3121,468,427
3122,468,450
3123,469,467
3124,469,459
3125,469,460
3126,469,451
3127,469,452
3128,471,461
3129,471,462
3130,471,452
3131,471,453
3132,471,454
3133,472,497
3134,472,461
3135,472,462
3136,472,463
3137,472,453
3138,472,454
3139,473,462
3140,473,463
3141,473,464
3142,473,465
3143,473,454
3144,473,455
3145,473,456
3146,475,492
3147,475,463
3148,475,464
3149,475,465
3150,475,455
3151,475,456
3152,475,457
3153,390,393
3154,390,193
3155,390,464
3156,390,465
3157,390,457
3158,390,501
3159,391,211
3160,391,386
3161,391,500
3162,391,502
3163,391,503
3164,391,410
3165,391,392
3166,208,167
3167,208,168
3168,208,500
3169,208,502
3170,208,387
3171,208,410
3172,208,505
3173,208,209
3174,208,508
3175,482,268
3176,482,504
3177,482,351
3178,482,510
3179,482,505
3180,482,509
3181,482,175
3182,482,354
3183,482,209
3184,482,511
3185,482,508
3186,482,506
3187,219,196
3188,219,268
3189,219,171
3190,219,486
3191,219,387
3192,219,351
3193,219,505
3194,219,356
3195,219,385
3196,219,209
3197,219,364
3198,219,355
3199,219,217
3200,346,267
3201,346,219
3202,346,346
3203,346,484
3204,346,351
3205,346,356
3206,346,512
3207,346,354
3208,346,176
3209,346,209
3210,346,217
3211,466,276
3212,466,113
3213,466,116
3214,466,111
3215,466,74
3216,466,112
3217,466,57
3218,513,182
3219,513,281
3220,513,119
3221,513,56
3222,513,112
3223,513,127
3224,513,513
3225,299,53
3226,299,180
3227,299,55
3228,299,109
3229,299,110
3230,299,92
3231,299,317
3232,299,74
3233,299,58
3234,299,299
3235,299,348
3236,313,62
3237,313,118
3238,313,117
3239,313,94
3240,313,89
3241,313,278
3242,313,145
3243,313,190
3244,313,111
3245,313,95
3246,313,199
3247,313,74
3248,313,112
3249,313,163
3250,313,101
3251,313,303
3252,313,312
3253,313,339
3254,313,178
3255,348,156
3256,348,179
3257,348,98
3258,348,181
3259,348,114
3260,348,115
3261,348,110
3262,348,74
3263,348,153
3264,348,142
3265,186,156
3266,186,74
3267,186,112
3268,186,101
3269,186,311
3270,186,313
3271,186,186
3272,186,178
3273,194,196
3274,194,488
3275,194,194
3276,194,357
3277,194,385
3278,194,514
3279,194,515
3280,516,254
3281,516,349
3282,516,271
3283,516,517
3284,516,518
3285,519,249
3286,519,191
3287,519,194
3288,519,253
3289,519,357
3290,519,172
3291,519,520
3292,519,353
3293,519,354
3294,220,159
3295,220,151
3296,220,206
3297,220,188
3298,220,350
3299,220,161
3300,220,207
3301,220,110
3302,220,162
3303,220,507
3304,220,163
3305,220,158
3306,220,235
3307,220,268
3308,220,169
3309,220,351
3310,220,191
3311,220,516
3312,220,220
3313,220,254
3314,220,269
3315,220,226
3316,220,349
3317,220,352
3318,220,271
3319,220,353
3320,220,237
3321,220,173
3322,220,174
3323,220,250
3324,220,238
3325,220,360
3326,220,240
3327,220,354
3328,220,230
3329,220,176
3330,220,245
3331,220,177
3332,220,178
3333,220,366
3334,220,365
3335,220,521
3336,220,522
3337,253,234
3338,253,71
3339,253,74
3340,253,268
3341,253,482
3342,253,191
3343,253,194
3344,253,253
3345,253,254
3346,253,523
3347,253,243
3348,253,230
3349,253,232
3350,253,364
3351,253,365
3352,253,524
3353,254,268
3354,254,254
3355,254,349
3356,254,271
3357,254,364
3358,254,365
3359,254,525
3360,254,517
3361,255,234
3362,255,160
3363,255,340
3364,255,191
3365,255,194
3366,255,519
3367,255,255
3368,255,269
3369,255,357
3370,255,523
3371,255,270
3372,255,256
3373,255,494
3374,255,353
3375,255,526
3376,255,173
3377,255,227
3378,255,228
3379,255,272
3380,255,257
3381,255,229
3382,255,360
3383,255,495
3384,255,361
3385,255,258
3386,255,370
3387,255,260
3388,255,230
3389,255,176
3390,255,246
3391,255,241
3392,255,178
3393,255,263
3394,255,264
3395,255,265
3396,255,364
3397,269,249
3398,269,269
3399,269,385
3400,269,349
3401,269,270
3402,269,256
3403,269,271
3404,269,526
3405,269,527
3406,269,173
3407,269,174
3408,269,227
3409,269,228
3410,269,257
3411,269,243
3412,269,244
3413,269,239
3414,269,240
3415,269,259
3416,269,371
3417,269,273
3418,269,176
3419,269,209
3420,269,241
3421,269,178
3422,269,261
3423,269,363
3424,269,274
3425,269,275
3426,357,268
3427,357,253
3428,357,385
3429,357,523
3430,357,349
3431,357,520
3432,357,248
3433,357,515
3434,385,523
3435,385,520
3436,385,528
3437,385,366
3438,385,518
3439,385,529
3440,385,530
3441,172,109
3442,172,160
3443,172,161
3444,172,191
3445,172,194
3446,172,220
3447,172,357
3448,172,523
3449,172,270
3450,172,520
3451,172,531
3452,172,494
3453,172,353
3454,172,237
3455,172,174
3456,172,250
3457,172,360
3458,172,244
3459,172,259
3460,172,354
3461,172,532
3462,172,241
3463,172,177
3464,172,178
3465,172,232
3466,172,533
3467,226,159
3468,226,224
3469,226,234
3470,226,242
3471,226,207
3472,226,163
3473,226,235
3474,226,267
3475,226,516
3476,226,385
3477,226,172
3478,226,226
3479,226,528
3480,226,352
3481,226,229
3482,226,250
3483,226,495
3484,226,361
3485,226,239
3486,226,258
3487,226,354
3488,226,230
3489,226,176
3490,226,209
3491,226,247
3492,226,177
3493,226,178
3494,226,261
3495,226,275
3496,226,232
3497,226,364
3498,226,365
3499,523,504
3500,523,191
3501,523,194
3502,523,519
3503,523,226
3504,523,523
3505,523,349
3506,523,520
3507,523,528
3508,523,494
3509,523,271
3510,523,526
3511,523,173
3512,523,354
3513,523,514
3514,523,248
3515,523,515
3516,349,117
3517,349,196
3518,349,367
3519,349,509
3520,349,191
3521,349,385
3522,349,349
3523,349,528
3524,349,352
3525,349,271
3526,349,173
3527,349,244
3528,349,354
3529,349,366
3530,349,363
3531,349,534
3532,349,529
3533,349,530
3534,270,224
3535,270,160
3536,270,249
3537,270,194
3538,270,357
3539,270,523
3540,270,256
3541,270,531
3542,270,353
3543,270,527
3544,270,173
3545,270,174
3546,270,227
3547,270,272
3548,270,257
3549,270,238
3550,270,176
3551,270,241
3552,270,177
3553,270,178
3554,270,264
3555,270,265
3556,270,535
3557,270,536
3558,256,161
3559,256,196
3560,256,249
3561,256,385
3562,256,349
3563,256,256
3564,256,271
3565,256,527
3566,256,174
3567,256,272
3568,256,257
3569,256,238
3570,256,361
3571,256,362
3572,256,176
3573,256,241
3574,256,177
3575,256,178
3576,256,265
3577,520,249
3578,520,504
3579,520,351
3580,520,349
3581,520,528
3582,520,531
3583,520,494
3584,520,526
3585,520,354
3586,520,366
3587,520,248
3588,520,515
3589,528,190
3590,528,249
3591,528,219
3592,528,509
3593,528,512
3594,528,357
3595,528,352
3596,528,271
3597,528,354
3598,528,366
3599,528,232
3600,528,529
3601,531,224
3602,531,340
3603,531,487
3604,531,488
3605,531,504
3606,531,351
3607,531,191
3608,531,253
3609,531,357
3610,531,523
3611,531,256
3612,531,494
3613,531,526
3614,531,173
3615,531,363
3616,531,533
3617,531,514
3618,531,248
3619,531,515
3620,531,536
3621,352,221
3622,352,222
3623,352,161
3624,352,207
3625,352,127
3626,352,153
3627,352,196
3628,352,509
3629,352,512
3630,352,191
3631,352,254
3632,352,385
3633,352,271
3634,352,527
3635,352,173
3636,352,174
3637,352,250
3638,352,360
3639,352,244
3640,352,354
3641,352,176
3642,352,177
3643,352,178
3644,352,366
3645,352,529
3646,494,357
3647,494,494
3648,494,271
3649,494,526
3650,494,527
3651,494,354
3652,494,366
3653,494,232
3654,494,364
3655,494,365
3656,494,537
3657,494,248
3658,494,389
3659,494,515
3660,271,144
3661,271,195
3662,271,196
3663,271,271
3664,271,526
3665,271,527
3666,271,173
3667,271,354
3668,271,230
3669,271,177
3670,271,366
3671,271,232
3672,271,364
3673,271,365
3674,271,534
3675,353,357
3676,353,520
3677,353,352
3678,353,173
3679,353,174
3680,353,250
3681,353,177
3682,353,178
3683,237,233
3684,237,226
3685,237,238
3686,237,241
3687,237,177
3688,237,178
3689,526,234
3690,526,117
3691,526,249
3692,526,488
3693,526,504
3694,526,191
3695,526,357
3696,526,270
3697,526,526
3698,526,527
3699,526,173
3700,526,174
3701,526,354
3702,526,230
3703,526,177
3704,526,366
3705,526,261
3706,526,363
3707,526,274
3708,526,232
3709,526,364
3710,526,365
3711,526,538
3712,526,248
3713,526,515
3714,527,224
3715,527,249
3716,527,170
3717,527,171
3718,527,191
3719,527,349
3720,527,237
3721,527,527
3722,527,174
3723,527,250
3724,527,238
3725,527,360
3726,527,495
3727,527,354
3728,527,176
3729,527,366
3730,527,261
3731,527,363
3732,527,274
3733,527,364
3734,527,365
3735,173,221
3736,173,488
3737,173,191
3738,173,194
3739,173,357
3740,173,172
3741,173,494
3742,173,527
3743,173,173
3744,173,174
3745,173,360
3746,173,354
3747,173,230
3748,173,176
3749,173,177
3750,173,178
3751,173,366
3752,173,261
3753,173,274
3754,173,232
3755,173,364
3756,173,365
3757,173,514
3758,173,248
3759,173,389
3760,173,515
3761,173,539
3762,174,144
3763,174,221
3764,174,207
3765,174,507
3766,174,196
3767,174,249
3768,174,491
3769,174,191
3770,174,385
3771,174,271
3772,174,174
3773,174,229
3774,174,360
3775,174,259
3776,174,354
3777,174,176
3778,174,241
3779,174,177
3780,174,178
3781,174,366
3782,174,261
3783,174,363
3784,174,534
3785,174,529
3786,174,530
3787,227,272
3788,227,243
3789,227,239
3790,227,240
3791,227,230
3792,227,176
3793,227,177
3794,227,178
3795,227,261
3796,227,264
3797,227,365
3798,228,161
3799,228,227
3800,228,250
3801,228,239
3802,228,240
3803,228,259
3804,228,354
3805,228,230
3806,228,275
3807,272,224
3808,272,249
3809,272,269
3810,272,352
3811,272,173
3812,272,257
3813,272,238
3814,272,495
3815,272,361
3816,272,176
3817,272,241
3818,272,178
3819,257,234
3820,257,160
3821,257,161
3822,257,268
3823,257,491
3824,257,254
3825,257,227
3826,257,228
3827,257,257
3828,257,250
3829,257,238
3830,257,495
3831,257,361
3832,257,240
3833,257,209
3834,257,241
3835,257,178
3836,257,363
3837,257,364
3838,229,224
3839,229,117
3840,229,160
3841,229,153
3842,229,270
3843,229,173
3844,229,227
3845,229,272
3846,229,238
3847,229,495
3848,229,243
3849,229,244
3850,229,239
3851,229,354
3852,229,230
3853,229,176
3854,229,246
3855,229,231
3856,229,247
3857,229,241
3858,229,178
3859,229,364
3860,229,365
3861,229,373
3862,250,234
3863,250,160
3864,250,207
3865,250,255
3866,250,174
3867,250,272
3868,250,495
3869,250,361
3870,250,243
3871,250,244
3872,250,239
3873,250,240
3874,250,259
3875,250,354
3876,250,230
3877,250,176
3878,250,177
3879,250,363
3880,250,274
3881,250,264
3882,250,232
3883,250,364
3884,250,365
3885,238,128
3886,238,139
3887,238,159
3888,238,152
3889,238,109
3890,238,160
3891,238,207
3892,238,153
3893,238,267
3894,238,191
3895,238,174
3896,238,250
3897,238,238
3898,238,360
3899,238,354
3900,238,532
3901,238,241
3902,238,177
3903,238,178
3904,238,365
3905,238,540
3906,360,161
3907,360,158
3908,360,267
3909,360,191
3910,360,270
3911,360,353
3912,360,257
3913,360,250
3914,360,360
3915,360,361
3916,360,354
3917,360,230
3918,360,241
3919,360,177
3920,360,363
3921,360,232
3922,360,364
3923,360,365
3924,360,541
3925,495,160
3926,495,256
3927,495,361
3928,495,354
3929,495,230
3930,495,176
3931,495,247
3932,495,241
3933,495,178
3934,495,261
3935,495,263
3936,495,364
3937,495,365
3938,361,161
3939,361,269
3940,361,173
3941,361,174
3942,361,228
3943,361,229
3944,361,542
3945,361,273
3946,361,175
3947,361,354
3948,361,230
3949,361,241
3950,361,177
3951,361,178
3952,243,161
3953,243,172
3954,243,226
3955,243,237
3956,243,173
3957,243,228
3958,243,244
3959,243,239
3960,243,240
3961,243,259
3962,243,354
3963,243,176
3964,243,209
3965,243,366
3966,243,251
3967,243,263
3968,243,264
3969,243,275
3970,244,255
3971,244,226
3972,244,227
3973,244,228
3974,244,495
3975,244,244
3976,244,239
3977,244,240
3978,244,258
3979,244,259
3980,244,542
3981,244,370
3982,244,371
3983,244,260
3984,244,273
3985,244,362
3986,244,354
3987,244,176
3988,244,209
3989,244,245
3990,244,246
3991,244,231
3992,244,532
3993,244,247
3994,244,241
3995,244,177
3996,244,178
3997,244,274
3998,244,262
3999,244,263
4000,244,264
4001,244,265
4002,244,275
4003,244,372
4004,244,266
4005,239,234
4006,239,207
4007,239,249
4008,239,172
4009,239,526
4010,239,495
4011,239,239
4012,239,258
4013,239,354
4014,239,230
4015,239,262
4016,239,263
4017,239,264
4018,239,265
4019,239,275
4020,239,372
4021,239,232
4022,239,364
4023,239,543
4024,239,544
4025,239,545
4026,239,538
4027,240,234
4028,240,114
4029,240,163
4030,240,249
4031,240,239
4032,240,259
4033,240,354
4034,240,230
4035,240,176
4036,240,274
4037,240,262
4038,240,266
4039,240,232
4040,240,364
4041,240,546
4042,240,547
4043,240,548
4044,240,549
4045,258,223
4046,258,550
4047,258,227
4048,258,259
4049,258,551
4050,258,542
4051,258,370
4052,258,230
4053,258,176
4054,258,209
4055,258,231
4056,258,247
4057,258,262
4058,258,264
4059,258,265
4060,258,275
4061,258,372
4062,258,232
4063,258,543
4064,258,544
4065,258,545
4066,258,538
4067,258,395
4068,259,491
4069,259,552
4070,259,256
4071,259,542
4072,259,371
4073,259,354
4074,259,230
4075,259,176
4076,259,209
4077,259,177
4078,259,274
4079,259,262
4080,259,275
4081,259,534
4082,259,546
4083,259,547
4084,259,548
4085,259,549
4086,259,395
4087,551,269
4088,551,542
4089,551,370
4090,551,371
4091,551,175
4092,551,274
4093,551,372
4094,551,266
4095,551,543
4096,551,544
4097,551,395
4098,542,371
4099,542,362
4100,542,262
4101,542,275
4102,542,372
4103,542,266
4104,542,547
4105,542,395
4106,370,488
4107,370,550
4108,370,209
4109,370,246
4110,370,247
4111,370,262
4112,370,372
4113,370,266
4114,370,553
4115,370,373
4116,370,395
4117,371,234
4118,371,249
4119,371,550
4120,371,273
4121,371,274
4122,371,262
4123,371,263
4124,371,275
4125,371,372
4126,371,266
4127,371,554
4128,371,252
4129,371,395
4130,260,115
4131,260,268
4132,260,219
4133,260,505
4134,260,273
4135,260,362
4136,260,175
4137,260,209
4138,260,261
4139,260,274
4140,260,262
4141,260,263
4142,260,264
4143,260,265
4144,260,508
4145,260,389
4146,260,217
4147,273,115
4148,273,160
4149,273,268
4150,273,387
4151,273,510
4152,273,356
4153,273,362
4154,273,175
4155,273,209
4156,273,264
4157,273,265
4158,273,275
4159,273,389
4160,273,217
4161,362,205
4162,362,115
4163,362,161
4164,362,341
4165,362,268
4166,362,391
4167,362,208
4168,362,482
4169,362,219
4170,362,250
4171,362,175
4172,362,354
4173,362,176
4174,362,209
4175,362,274
4176,175,115
4177,175,160
4178,175,507
4179,175,167
4180,175,268
4181,175,208
4182,175,227
4183,175,371
4184,175,354
4185,175,209
4186,175,241
4187,175,274
4188,175,275
4189,175,266
4190,354,206
4191,354,207
4192,354,507
4193,354,112
4194,354,127
4195,354,153
4196,354,268
4197,354,208
4198,354,219
4199,354,351
4200,354,505
4201,354,356
4202,354,194
4203,354,357
4204,354,385
4205,354,354
4206,354,230
4207,354,176
4208,354,209
4209,354,177
4210,354,366
4211,354,363
4212,354,232
4213,354,364
4214,354,355
4215,354,217
4216,230,159
4217,230,109
4218,230,111
4219,230,110
4220,230,163
4221,230,127
4222,230,399
4223,230,164
4224,230,166
4225,230,267
4226,230,418
4227,230,196
4228,230,268
4229,230,191
4230,230,357
4231,230,172
4232,230,176
4233,176,267
4234,176,268
4235,176,218
4236,176,351
4237,176,505
4238,176,176
4239,176,178
4240,209,474
4241,209,393
4242,209,167
4243,209,268
4244,209,168
4245,209,211
4246,209,492
4247,209,390
4248,209,391
4249,209,502
4250,209,387
4251,209,504
4252,209,351
4253,209,510
4254,209,503
4255,209,410
4256,209,392
4257,209,505
4258,209,220
4259,209,177
4260,209,274
4261,209,262
4262,209,263
4263,209,265
4264,209,275
4265,209,372
4266,209,511
4267,209,508
4268,209,506
4269,209,355
4270,209,389
4271,209,217
4272,245,207
4273,245,341
4274,245,249
4275,245,239
4276,245,542
4277,245,371
4278,245,362
4279,245,175
4280,245,246
4281,245,247
4282,245,241
4283,245,177
4284,245,178
4285,245,262
4286,245,275
4287,245,372
4288,245,266
4289,245,232
4290,245,364
4291,245,252
4292,245,395
4293,246,68
4294,246,71
4295,246,114
4296,246,115
4297,246,393
4298,246,268
4299,246,482
4300,246,219
4301,246,386
4302,246,243
4303,246,258
4304,246,551
4305,246,362
4306,246,175
4307,246,354
4308,246,209
4309,246,241
4310,246,274
4311,246,275
4312,246,372
4313,246,266
4314,246,232
4315,246,364
4316,246,365
4317,231,117
4318,231,243
4319,231,239
4320,532,243
4321,532,240
4322,532,354
4323,532,209
4324,532,532
4325,532,241
4326,247,243
4327,247,239
4328,247,551
4329,247,231
4330,247,178
4331,241,72
4332,241,112
4333,241,268
4334,241,253
4335,241,178
4336,177,72
4337,177,158
4338,177,339
4339,177,313
4340,177,186
4341,177,241
4342,177,177
4343,177,178
4344,177,275
4345,178,350
4346,178,94
4347,178,103
4348,366,165
4349,366,249
4350,366,268
4351,366,219
4352,366,346
4353,366,484
4354,366,487
4355,366,488
4356,366,491
4357,366,366
4358,366,261
4359,261,207
4360,261,271
4361,261,229
4362,261,238
4363,261,360
4364,261,243
4365,261,230
4366,261,245
4367,261,247
4368,261,241
4369,261,177
4370,261,261
4371,261,263
4372,261,232
4373,261,365
4374,555,341
4375,411,198
4376,411,393
4377,411,167
4378,411,386
4379,411,392
4380,411,245
4381,411,246
4382,411,555
4383,411,274
4384,411,395
4385,363,191
4386,363,523
4387,363,271
4388,363,371
4389,363,274
4390,363,389
4391,274,340
4392,274,116
4393,274,167
4394,274,351
4395,274,503
4396,274,556
4397,274,256
4398,274,542
4399,274,370
4400,274,273
4401,274,230
4402,274,177
4403,274,265
4404,274,275
4405,274,389
4406,262,116
4407,262,268
4408,262,274
4409,262,263
4410,262,264
4411,262,265
4412,262,275
4413,262,372
4414,262,266
4415,251,223
4416,251,224
4417,251,114
4418,251,242
4419,251,207
4420,251,191
4421,251,175
4422,251,363
4423,251,557
4424,557,340
4425,557,167
4426,557,216
4427,557,171
4428,557,391
4429,557,208
4430,557,386
4431,557,387
4432,557,191
4433,557,177
4434,557,557
4435,557,232
4436,557,395
4437,358,351
4438,358,505
4439,358,191
4440,358,178
4441,358,251
4442,358,557
4443,358,358
4444,358,388
4445,263,505
4446,263,356
4447,263,274
4448,263,264
4449,263,265
4450,263,508
4451,263,506
4452,263,389
4453,263,217
4454,264,351
4455,264,505
4456,264,558
4457,264,246
4458,264,231
4459,264,265
4460,264,275
4461,264,506
4462,264,389
4463,264,217
4464,265,504
4465,265,351
4466,265,505
4467,265,275
4468,265,389
4469,265,217
4470,275,393
4471,275,167
4472,275,268
4473,275,386
4474,275,502
4475,275,387
4476,275,351
4477,275,410
4478,275,392
4479,275,505
4480,275,356
4481,275,266
4482,275,508
4483,275,389
4484,275,217
4485,275,395
4486,372,71
4487,372,115
4488,372,207
4489,372,341
4490,372,393
4491,372,351
4492,372,512
4493,372,362
4494,372,241
4495,372,178
4496,372,411
4497,372,274
4498,372,263
4499,372,275
4500,372,266
4501,372,232
4502,372,508
4503,372,543
4504,372,544
4505,372,217
4506,372,373
4507,372,395
4508,266,368
4509,266,341
4510,266,356
4511,266,556
4512,266,258
4513,266,362
4514,266,209
4515,266,177
4516,266,178
4517,266,263
4518,266,265
4519,266,508
4520,266,543
4521,266,546
4522,266,544
4523,266,547
4524,266,389
4525,266,217
4526,266,373
4527,266,252
4528,266,395
4529,232,207
4530,232,198
4531,232,165
4532,232,196
4533,232,254
4534,232,527
4535,232,228
4536,232,230
4537,232,209
4538,232,241
4539,232,177
4540,232,178
4541,232,232
4542,232,365
4543,364,249
4544,364,230
4545,364,365
4546,365,196
4547,365,172
4548,365,243
4549,365,239
4550,365,259
4551,365,260
4552,365,175
4553,365,354
4554,365,230
4555,365,245
4556,365,177
4557,365,366
4558,365,363
4559,365,365
