I1L,0
I1R,0
I2L,0
I2R,0
I3,0
I4,0
I5,0
I6,0
M1,0
M2L,0
M2R,0
M3L,0
M3R,0
M4,0
M5,0
MCL,0
MCR,0
MI,0
NSML,0
NSMR,0
pm1,0
pm2D,0
pm2VL,0
pm3D,0
pm3VL,0
pm3VR,0
pm4D,0
pm4VL,0
pm4VR,0
pm5D,0
pm5VL,0
pm5VR,0
pm6D,0
pm6VL,0
pm6VR,0
pm7D,0
pm7VR,0
mc2DL,0
mc2DR,0
mc2V,0
mc3V,0
e3D,0
e3VL,0
e3VR,0
g1p,0
g1AL,0
g1AR,0
g2L,0
g2R,0
bm,0
ASIL,1
ASIR,1
ASJL,1
ASJR,1
AWAL,1
AWAR,1
ASGL,1
ASGR,1
AWBL,1
AWBR,1
ASEL,1
ASER,1
ADFL,1
ADFR,1
AFDL,1
AFDR,1
AWCL,1
AWCR,1
ASKL,1
ASKR,1
ASHL,1
ASHR,1
ADLL,1
ADLR,1
BAGL,1
BAGR,1
URXL,1
URXR,1
ALNL,1
ALNR,1
PLNL,1
PLNR,1
SDQL,1
SDQR,1
AQR,1
PQR,1
ALML,1
ALMR,1
AVM,1
PVM,1
PLML,1
PLMR,1
FLPL,1
FLPR,1
DVA,1
PVDL,1
PVDR,1
ADEL,1
ADER,1
PDEL,1
PDER,1
PHAL,1
PHAR,1
PHBL,1
PHBR,1
PHCL,1
PHCR,1
IL2DL,1
IL2DR,1
IL2L,1
IL2R,1
IL2VL,1
IL2VR,1
CEPDL,1
CEPDR,1
CEPVL,1
CEPVR,1
URYDL,1
URYDR,1
URYVL,1
URYVR,1
OLLL,1
OLLR,1
OLQDL,1
OLQDR,1
OLQVL,1
OLQVR,1
IL1DL,1
IL1DR,1
IL1L,1
IL1R,1
IL1VL,1
IL1VR,1
AINL,2
AINR,2
AIML,2
AIMR,2
RIH,2
URBL,2
URBR,2
RIR,2
AIYL,2
AIYR,2
AIAL,2
AIAR,2
AUAL,2
AUAR,2
AIZL,2
AIZR,2
RIS,2
ALA,2
PVQL,2
PVQR,2
ADAL,2
ADAR,2
RIFL,2
RIFR,2
BDUL,2
BDUR,2
PVR,2
AVFL,2
AVFR,2
AVHL,2
AVHR,2
PVPL,2
PVPR,2
LUAL,2
LUAR,2
PVNL,2
PVNR,2
AVG,2
DVB,2
RIBL,2
RIBR,2
RIGL,2
RIGR,2
RMGL,2
RMGR,2
AIBL,2
AIBR,2
RICL,2
RICR,2
SAADL,2
SAADR,2
SAAVL,2
SAAVR,2
AVKL,2
AVKR,2
DVC,2
AVJL,2
AVJR,2
PVT,2
AVDL,2
AVDR,2
AVL,2
PVWL,2
PVWR,2
RIAL,2
RIAR,2
RIML,2
RIMR,2
AVEL,2
AVER,2
RMFL,2
RMFR,2
RID,2
AVBL,2
AVBR,2
AVAL,2
AVAR,2
PVCL,2
PVCR,2
RIPL,2
RIPR,2
URADL,3
URADR,3
URAVL,3
URAVR,3
RMEL,3
RMER,3
RMED,3
RMEV,3
RMDDL,3
RMDDR,3
RMDL,3
RMDR,3
RMDVL,3
RMDVR,3
RIVL,3
RIVR,3
RMHL,3
RMHR,3
SABD,3
SABVL,3
SABVR,3
SMDDL,3
SMDDR,3
SMDVL,3
SMDVR,3
SMBDL,3
SMBDR,3
SMBVL,3
SMBVR,3
SIBDL,3
SIBDR,3
SIBVL,3
SIBVR,3
SIADL,3
SIADR,3
SIAVL,3
SIAVR,3
DA01,3
DA02,3
DA03,3
DA04,3
DA05,3
DA06,3
DA07,3
DA08,3
DA09,3
PDA,3
DB01,3
DB02,3
DB03,3
DB04,3
DB05,3
DB06,3
DB07,3
AS01,3
AS02,3
AS03,3
AS04,3
AS05,3
AS06,3
AS07,3
AS08,3
AS09,3
AS10,3
AS11,3
PDB,3
DD01,3
DD02,3
DD03,3
DD04,3
DD05,3
DD06,3
VA01,3
VA02,3
VA03,3
VA04,3
VA05,3
VA06,3
VA07,3
VA08,3
VA09,3
VA10,3
VA11,3
VA12,3
VB01,3
VB02,3
VB03,3
VB04,3
VB05,3
VB06,3
VB07,3
VB08,3
VB09,3
VB10,3
VB11,3
VD01,3
VD02,3
VD03,3
VD04,3
VD05,3
VD06,3
VD07,3
VD08,3
VD09,3
VD10,3
VD11,3
VD12,3
VD13,3
dBWML1,4
dBWML2,4
dBWML3,4
dBWML4,4
dBWML5,4
dBWML6,4
dBWML7,4
dBWMR1,4
dBWMR2,4
dBWMR3,4
dBWMR4,4
dBWMR5,4
dBWMR6,4
dBWMR7,4
vBWML1,4
vBWML2,4
vBWML3,4
vBWML4,4
vBWML5,4
vBWML6,4
vBWML7,4
vBWMR1,4
vBWMR2,4
vBWMR3,4
vBWMR4,4
vBWMR5,4
vBWMR6,4
vBWMR7,4
dBWML8,4
dBWML9,4
dBWML10,4
dBWML11,4
dBWML12,4
dBWML13,4
dBWML14,4
dBWML15,4
dBWML16,4
dBWML17,4
dBWML18,4
dBWML19,4
dBWML20,4
dBWML21,4
dBWML22,4
dBWML23,4
dBWML24,4
dBWMR8,4
dBWMR9,4
dBWMR10,4
dBWMR11,4
dBWMR12,4
dBWMR13,4
dBWMR14,4
dBWMR15,4
dBWMR16,4
dBWMR17,4
dBWMR18,4
dBWMR19,4
dBWMR20,4
dBWMR21,4
dBWMR22,4
dBWMR23,4
dBWMR24,4
vBWML8,4
vBWML9,4
vBWML10,4
vBWML11,4
vBWML12,4
vBWML13,4
vBWML14,4
vBWML15,4
vBWML16,4
vBWML17,4
vBWML18,4
vBWML19,4
vBWML20,4
vBWML21,4
vBWML22,4
vBWML23,4
vBWMR8,4
vBWMR9,4
vBWMR10,4
vBWMR11,4
vBWMR12,4
vBWMR13,4
vBWMR14,4
vBWMR15,4
vBWMR16,4
vBWMR17,4
vBWMR18,4
vBWMR19,4
vBWMR20,4
vBWMR21,4
vBWMR22,4
vBWMR23,4
vBWMR24,4
CEPshDL,4
CEPshDR,4
CEPshVL,4
CEPshVR,4
GLRDL,4
GLRDR,4
GLRL,4
GLRR,4
GLRVL,4
GLRVR,4
CANL,4
CANR,4
exc_cell,4
exc_gl,4
hyp,4
int,4
mu_intL,4
mu_intR,4
mu_anal,4
mu_sph,4
CEMDL,5
CEMDR,5
CEMVL,5
CEMVR,5
MCML,5
MCMR,5
R1AL,5
R1AR,5
R1BL,5
R1BR,5
R2AL,5
R2AR,5
R2BL,5
R2BR,5
R3AL,5
R3AR,5
R3BL,5
R3BR,5
R4AL,5
R4AR,5
R4BL,5
R4BR,5
R5AL,5
R5AR,5
R5BL,5
R5BR,5
R6AL,5
R6AR,5
R6BL,5
R6BR,5
R7AL,5
R7AR,5
R7BL,5
R7BR,5
R8AL,5
R8AR,5
R8BL,5
R8BR,5
R9AL,5
R9AR,5
R9BL,5
R9BR,5
PHDL,5
PHDR,5
HOA,5
HOB,5
PCAL,5
PCAR,5
PCBL,5
PCBR,5
PCCL,5
PCCR,5
SPCL,5
SPCR,5
SPDL,5
SPDR,5
SPVL,5
SPVR,5
PVV,5
PVX,5
PVY,5
PVZ,5
DVE,5
DVF,5
DX1,5
DX2,5
DX3,5
EF1,5
EF2,5
EF3,5
PDC,5
PGA,5
CA01,5
CA02,5
CA03,5
CA04,5
CA05,5
CA06,5
CA07,5
CA08,5
CA09,5
CP01,5
CP02,5
CP03,5
CP04,5
CP05,5
CP06,5
CP07,5
CP08,5
CP09,5
dglL1,5
dglL2,5
dglL3,5
dglL4,5
dglL5,5
dglL6,5
dglL7,5
dglR1,5
dglR2,5
dglR3,5
dglR4,5
dglR5,5
dglR6,5
dglR7,5
dglR8,5
aobL,5
aobR,5
pobL,5
pobR,5
gecL,5
gecR,5
grtL,5
grtR,5
cdlL,5
cdlR,5
ailL,5
ailR,5
pilL,5
pilR,5
polL,5
polR,5
dspL,5
dspR,5
vspL,5
vspR,5
dsrL,5
dsrR,5
vsrL,5
vsrR,5
gonad,5
proctodeum,5
R1stR,5
R2stR,5
R3stL,5
R5stL,5
R7stL,5
R7stR,5
R9stL,5
